Date,Time,TS,Location
8/3/23,8:00 AM,11.05,Digester Feed
8/3/23,8:10 AM,10.89,Digester Feed
8/3/23,8:20 AM,13.68,Digester Feed
8/3/23,8:30 AM,14.03,Digester Feed
8/3/23,8:40 AM,13.82,Digester Feed
8/3/23,8:50 AM,14.03,Digester Feed
8/3/23,9:00 AM,13.62,Digester Feed
8/3/23,9:10 AM,13.32,Digester Feed
8/3/23,9:20 AM,13.18,Digester Feed
8/3/23,9:30 AM,13.00,Digester Feed
8/3/23,9:40 AM,12.37,Digester Feed
8/3/23,9:50 AM,12.24,Digester Feed
8/3/23,10:00 AM,12.21,Digester Feed
8/3/23,10:10 AM,12.69,Digester Feed
8/3/23,10:20 AM,11.46,Digester Feed
8/3/23,10:30 AM,11.22,Digester Feed
8/3/23,10:40 AM,9.86,Digester Feed
8/3/23,10:50 AM,10.03,Digester Feed
8/3/23,11:00 AM,9.50,Digester Feed
8/3/23,11:10 AM,9.57,Digester Feed
8/3/23,11:20 AM,9.07,Digester Feed
8/3/23,11:30 AM,7.72,Digester Feed
8/3/23,11:40 AM,6.98,Digester Feed
8/3/23,11:50 AM,7.53,Digester Feed
8/3/23,12:00 PM,6.51,Digester Feed
8/3/23,12:10 PM,6.60,Digester Feed
8/3/23,12:20 PM,6.53,Digester Feed
8/3/23,12:30 PM,5.70,Digester Feed
8/3/23,12:40 PM,5.61,Digester Feed
8/3/23,12:50 PM,6.18,Digester Feed
8/3/23,1:00 PM,6.30,Digester Feed